"","Count","Lat","Lon"
"virginia,roanoke",4,37.270973,-79.9414313
"california,san diego",317,32.7174202,-117.1627728
"wisconsin,sawyer",1,45.8731634,-91.1468287
"illinois,du page",9,41.8791735,-88.0346109
"louisiana,beauregard",1,31.552977,-92.60926
"texas,brewster",11,29.8462742,-103.2400734
"new york,new york",32,40.7127281,-74.0060152
"florida,seminole",9,28.7225829,-81.2353683
"virginia,bath",1,39.6267975,-78.2279514
"michigan,oakland",11,42.6618842,-83.3804439
"california,imperial",10,33.0305487,-115.3595666
"virginia,bedford",8,37.3344561,-79.5235083
"california,san bernardino",27,34.8253019,-116.0833144
"arizona,maricopa",17,33.34883,-112.49123
"illinois,lake",3,42.3327033,-87.9939552
"connecticut,tolland",2,41.8700166,-72.3677153
"texas,taylor",1,32.2793121,-99.8812612
"pennsylvania,montgomery",24,41.1703592,-76.8769076
"connecticut,new haven",10,41.29843435,-72.9310234270791
"utah,washington",13,37.2393471,-113.525776
"maryland,prince georges",9,38.8242032,-76.8936372
"idaho,fremont",2,44.2309391,-111.4218314
"oregon,harney",3,43.6432092,-118.8227102
"new york,onondaga",7,43.2462592,-77.4592856
"arizona,yavapai",8,34.5668857,-112.5515965
"colorado,gunnison",4,38.6476702,-107.0603126
"florida,leon",4,30.4683062,-84.2549068
"arizona,coconino",12,35.9363252,-111.6948197
"california,los angeles",34,34.0536909,-118.242766
"oregon,multnomah",13,45.5093799,-122.4006413
"arizona,pima",68,32.1112624,-111.6546163
"florida,collier",65,26.087964,-81.3794941
"florida,glades",35,26.9328123,-81.1895983
"texas,san saba",1,31.122268,-98.8397049
"missouri,mcdonald",2,36.6259839,-94.3529462
"georgia,ware",1,31.1727229,-82.4829338
"louisiana,st tammany",1,30.3940826,-89.8950698
"oklahoma,oklahoma",4,41.109143,-78.7371797050449
"california,santa cruz",15,37.050096,-121.9905908
"alabama,lawrence",1,34.4776367,-87.3017331
"kentucky,powell",1,37.8192526,-83.8239902
"florida,orange",2,28.5421109,-81.3790304
"pennsylvania,allegheny",5,39.9964906,-75.1134652
"ohio,medina",3,41.1383878,-81.8637474
"virginia,patrick",5,36.6818706,-80.284636
"north carolina,brunswick",1,34.3129464,-78.1611077
"texas,fort bend",8,29.511218,-95.7807348
"alabama,marshall",2,34.3396046,-86.3301801
"missouri,marion",1,39.8080573,-91.6318781
"florida,citrus",3,28.8512851,-82.5141209
"georgia,polk",1,33.9981581,-85.1567475
"florida,miami-dade",45,25.6364246,-80.4989467
"new jersey,union",3,40.6976019,-74.2632024
"south carolina,horry",2,33.9368081,-79.1341782
"florida,palm beach",1,26.6279798,-80.4494174
"nevada,churchill",1,39.6136309,-118.4191948
"arkansas,van buren",1,35.5759086,-92.4916144
"indiana,hamilton",4,41.5425675,-84.9234551750776
"texas,bexar",25,29.4263987,-98.5104781
"north carolina,buncombe",8,35.6292222,-82.5255603
"florida,alachua",297,29.675568,-82.3640109
"florida,levy",3,29.3008632,-82.7824592
"california,santa clara",15,37.2333253,-121.6846349
"pennsylvania,tioga",1,41.9086848,-77.1330266
"new york,richmond",1,42.7601685,-77.4944318979838
"california,sonoma",19,38.5110803,-122.8473388
"maryland,anne arundel",29,38.97888975,-76.4910703023656
"texas,williamson",10,30.6580927,-97.6041649
"new hampshire,strafford",3,43.327176,-71.18454
"north carolina,durham",8,35.97578325,-78.88435455
"washington,cowlitz",1,46.4587191,-122.8426166
"minnesota,houston",1,43.6624222,-91.4685617
"south carolina,richland",2,34.0557098,-80.9914791
"oklahoma,comanche",1,34.3689748,-97.963924
"virginia,shenandoah",1,38.4851245,-78.625016
"florida,jackson",1,30.8013861,-85.2063186
"illinois,cook",29,41.8197385,-87.756525
"kansas,crawford",4,37.503889,-94.8652466
"maryland,frederick",2,39.4142186,-77.4109269
"massachusetts,middlesex",29,42.3582393,-71.0966460255899
"kentucky,jackson",2,37.5534741,-83.3822604
"kentucky,lee",2,37.295882,-86.4994264
"texas,polk",3,30.7642828,-94.8192175
"florida,hillsborough",3,27.9184543,-82.3488057
"california,alameda",7,37.6090291,-121.899142
"california,kern",6,35.3145701,-118.7538222
"texas,harris",33,29.8119769,-95.3741247
"alabama,elmore",1,32.5801231,-86.125195
"virginia,fairfax",19,38.8462236,-77.3063733
"virginia,fauquier",8,37.27043135,-76.7207165540335
"north carolina,haywood",6,35.6201515,-79.0639047
"florida,lee",2,26.5999265,-81.8823135
"vermont,windham",3,43.1793702,-72.7258735
"washington,jefferson",6,40.2859036,-80.4986795
"new mexico,catron",3,33.9026943,-108.3800825
"california,contra costa",6,37.9034806,-121.9175345
"arizona,greenlee",1,33.2312681,-109.2751297
"district of columbia,washington",13,38.88905915,-77.0401699800873
"oregon,jackson",4,35.3307547,-83.2085786
"louisiana,rapides",4,31.3635131,-92.5868095
"california,san francisco",7,37.7790262,-122.4199061
"missouri,st louis city",4,38.6264178,-90.1998378
"minnesota,ramsey",6,45.0165728,-93.0949501
"maryland,st marys",3,9.7838125,76.7430308
"missouri,boone",12,39.0153926,-92.3307534
"north carolina,wake",13,35.5877538,-82.5538262
"virginia,appomattox",3,37.3570894,-78.8252911
"ohio,hancock",3,41.1553294,-83.8518834
"new jersey,atlantic",1,39.3642852,-74.4229351
"pennsylvania,butler",3,40.8610205,-79.8952251
"new york,westchester",4,41.2554602,-73.5793026
"oklahoma,tulsa",5,36.1556805,-95.9929113
"oklahoma,cherokee",2,36.7544746,-98.3567403
"south carolina,oconee",4,34.81540735,-82.9194952716483
"texas,travis",20,30.2878569,-97.7561392
"florida,polk",4,27.9448537,-81.7268789
"michigan,barry",4,42.5910739,-85.3242417
"michigan,saginaw",3,43.4200387,-83.9490365
"wisconsin,dane",6,43.2505472,-89.5015088
"pennsylvania,centre",17,40.3561943,-77.4072089
"kentucky,madison",8,37.8082444,-82.8059638
"california,san mateo",15,37.496904,-122.3330573
"south carolina,abbeville",1,34.1779495,-82.3792463
"north carolina,macon",1,36.4387585,-78.0838809
"florida,columbia",1,30.1935988,-82.6327488
"maryland,baltimore city",17,39.3053485,-76.6990587
"california,nevada",6,39.3540335,-120.8089843
"delaware,sussex",5,39.2475954,-75.301059970514
"georgia,de kalb",6,34.3284301,-84.0532437
"iowa,story",6,42.0161612,-93.489194
"california,santa barbara",9,34.4221319,-119.7026673
"alabama,baldwin",3,30.5677527,-87.7324392
"idaho,valley",3,44.7475094,-115.5978843
"missouri,greene",2,37.2671929,-93.3465486
"texas,hardin",2,30.3049642,-94.403904
"new york,essex",2,51.5843057,0.462328
"new york,clinton",7,43.0484029,-75.3785034
"new york,kings",6,43.1509069,-73.8542895
"oregon,marion",2,44.7486725,-122.934185554688
"illinois,will",4,41.4194058,-87.9994754
"wyoming,albany",1,41.6684047,-105.6812633
"oregon,washington",4,45.5601883,-123.0587907
"georgia,fulton",10,34.0580391,-84.2961283
"massachusetts,norfolk",4,42.1195426,-71.3250564
"new york,suffolk",5,40.8832318,-72.8578027
"florida,charlotte",1,26.9013269,-81.9156799
"kentucky,greenup",2,38.5731349,-82.8301677
"south carolina,lee",1,34.0053752,-80.9491751
"virginia,albemarle",8,37.96942765,-78.4797099705211
"missouri,jackson",22,39.03540865,-94.3582754507579
"virginia,rockbridge",6,37.8331804,-79.4622597
"california,el dorado",12,38.7574137,-120.5276129
"arizona,apache",3,35.214632,-109.4786676
"kansas,johnson",4,38.8837933,-94.8389141
"south carolina,chesterfield",1,34.735989,-80.0881194
"california,humboldt",38,40.5997415,-123.8997734
"kentucky,calloway",1,36.6257937,-88.271076
"new york,dutchess",1,41.6324,-73.682392
"massachusetts,worcester",12,42.2761217,-71.8058232
"ohio,hocking",4,39.3678487,-82.2657052
"texas,smith",1,32.3402898,-95.2563971
"louisiana,la salle",1,31.895371,-92.243322
"alabama,colbert",3,34.6473396,-87.7921769
"california,fresno",4,36.7295295,-119.708861260756
"wisconsin,milwaukee",2,43.0349931,-87.922497
"oregon,linn",3,44.4968904,-122.5485977
"texas,real",2,29.7949383,-99.8280905
"pennsylvania,perry",2,41.4629099,-80.0097647
"texas,angelina",3,31.2544545,-94.6181177
"tennessee,lawrence",2,35.6486823,-88.7906131
"new york,erie",4,42.7164263,-78.7620327
"maine,cumberland",4,43.7866027,-70.2531887432273
"maryland,calvert",15,39.7003884,-75.9824455
"arkansas,washington",5,35.9672625,-94.2280656
"michigan,washtenaw",6,42.2582044,-83.8440853
"new hampshire,rockingham",4,42.9966675,-71.1003143
"connecticut,new london",4,41.331256,-72.0964371579169
"kentucky,lyon",1,36.9981232,-88.0658149
"maryland,baltimore",6,39.2908816,-76.610759
"texas,bell",1,31.0081659,-97.4314413
"pennsylvania,philadelphia",8,39.9527237,-75.1635262
"iowa,boone",2,42.0171798,-93.9254114
"louisiana,ouachita",2,33.5381997,-92.8179052
"new york,queens",3,40.7498243,-73.7976337
"california,shasta",7,40.7965121,-121.9979194
"missouri,christian",1,36.9586087,-93.1692896
"pennsylvania,susquehanna",1,41.71803185,-75.5583619505367
"texas,burnet",16,30.7763939,-98.1700016
"wyoming,teton",5,43.9133416,-110.6367905
"california,inyo",17,36.5595325,-117.4074712
"new york,putnam",2,43.746793,-73.397255
"new york,nassau",4,25.010423,-77.4024183
"ohio,summit",11,39.1266104,-84.6219297
"new jersey,mercer",2,40.2807177,-74.7033717
"pennsylvania,cumberland",3,40.166947,-77.404042
"oklahoma,cleveland",4,36.3099921,-96.4641953
"pennsylvania,delaware",3,41.1609285,-74.9093368
"texas,montgomery",4,30.301949,-95.5065944
"kentucky,scott",2,37.396318,-87.766849
"michigan,st clair",1,42.9426715,-82.6283554
"nebraska,lancaster",7,40.7768326,-96.7111039
"indiana,porter",44,41.6156584,-87.0741735
"maryland,montgomery",14,39.1406267,-77.2075612
"delaware,new castle",3,39.6620572,-75.5663132
"idaho,bonner",5,48.2663565,-116.5952716
"wisconsin,waukesha",3,43.0116784,-88.2314813
"mississippi,jefferson",1,33.6326189,-89.8950845
"missouri,butler",2,36.7151346,-90.4146358
"georgia,walker",2,31.5404516,-84.3149103
"south carolina,sumter",2,33.9204354,-80.3414693
"arkansas,madison",1,35.9728095,-93.7589024
"california,riverside",25,33.7219991,-116.0372472
"virginia,arlington",6,38.8903961,-77.0841585
"north carolina,stokes",1,35.7165488,-77.2646852
"west virginia,wayne",1,38.2214748,-82.4423747
"wisconsin,iron",1,46.2254778,-90.2125304
"maryland,queen annes",3,38.9964408,-77.0185383
"texas,comal",20,29.7979704,-98.2690787
"tennessee,morgan",2,36.1372409,-84.629496
"missouri,buchanan",2,39.6733203,-94.794829
"georgia,lumpkin",1,32.0509895,-84.7990901
"georgia,jackson",1,33.2945651,-83.9660209
"utah,salt lake",6,40.6632297,-111.9103124
"illinois,coles",1,39.5266741,-88.2184999
"arizona,cochise",31,31.8514532,-109.8181858
"new mexico,torrance",3,34.6356278,-105.9059678
"illinois,monroe",1,38.2722313,-90.1792484
"missouri,laclede",1,37.6475206,-92.6324187
"tennessee,white",1,35.23865825,-89.5137172164384
"missouri,shannon",2,37.1498052,-91.4328245
"texas,nacogdoches",3,31.5970503,-94.5927451
"massachusetts,dukes",5,41.3926378,-70.642011
"mississippi,rankin",1,32.2865353,-89.9070243
"massachusetts,essex",5,42.6320389,-70.7828255
"louisiana,ascension",1,30.2116442,-90.9186104
"new york,ulster",7,42.07602965,-74.2276445603889
"new jersey,gloucester",3,39.7267303,-75.1535378
"missouri,st louis",7,38.6264178,-90.1998378
"ohio,fairfield",2,39.3458953,-84.5605031
"virginia,augusta",1,39.2953787,-78.6377912
"california,tehama",1,40.1251334,-122.2015529
"new jersey,cape may",4,38.933431,-74.9214226
"california,monterey",10,36.2231079,-121.3877428
"washington,douglas",1,47.6212432,-120.0047852
"iowa,polk",34,41.6765808,-93.5921448
"iowa,jasper",2,41.6791308,-93.0647786
"massachusetts,hampshire",1,42.3869382,-72.5299147706745
"north carolina,randolph",2,35.7142874,-79.7975166
"virginia,prince george",1,37.2204272,-77.288033
"florida,baker",1,30.3143459,-82.2847163
"iowa,clayton",1,42.8547706,-91.3667151
"utah,kane",5,37.2439691,-112.0048393
"california,siskiyou",5,41.5007223,-122.544354147521
"texas,dallas",9,32.7762719,-96.7968559
"new jersey,bergen",1,40.7292686,-74.0656969
"indiana,st joseph",1,38.066154,-87.6469646
"texas,collin",8,33.1609629,-96.6060984
"utah,millard",2,39.0364951,-113.0861444
"texas,kendall",4,29.943885,-98.7258845
"louisiana,lafayette",1,30.2240897,-92.0198427
"tennessee,sullivan",5,36.4966673,-82.286903
"washington,thurston",3,46.9319983,-122.8855155
"texas,denton",7,33.1838787,-97.1413417
"utah,box elder",1,41.3586056,-113.2112072
"colorado,rio grande",3,37.5668223,-106.3832155
"new york,columbia",3,2.1698657,-72.165547
"texas,nolan",1,32.2719306,-100.3987748
"california,stanislaus",1,37.5500871,-121.0501425
"illinois,kane",3,41.923434,-88.4248315
"new york,jefferson",1,42.4811884,-74.6104276
"nevada,clark",12,36.3467726,-115.0907378
"kentucky,allen",2,37.6097495,-82.7286034130089
"new mexico,colfax",1,36.5571762,-104.6118941
"oregon,deschutes",7,44.1569232,-121.2586995
"california,marin",15,38.0409144,-122.6199638
"tennessee,lewis",1,35.646012,-84.185726
"ohio,morgan",1,39.504819,-82.094631
"connecticut,hartford",1,41.7655582,-72.6906127614661
"ohio,delaware",2,40.2317686,-82.9651045
"new york,tioga",1,42.1333395,-76.3309339
"pennsylvania,lackawanna",2,41.71788145,-75.5596332997927
"georgia,gwinnett",2,33.9566869,-84.0227467
"iowa,johnson",1,41.6861834,-91.6061124
"georgia,glynn",1,31.2171726,-81.5012681
"texas,jim hogg",1,27.0065425,-98.7047316
"vermont,rutland",4,43.62059485,-73.0165311727497
"washington,king",14,38.8458171,-76.9972182
"new jersey,ocean",2,39.977818,-74.3319287
"new york,delaware",1,42.6243652,-79.0640931
"florida,marion",3,29.2182454,-82.0626948
"wisconsin,waupaca",1,44.3580348,-89.0859464
"montana,missoula",2,46.8701049,-113.995267
"washington,whatcom",4,48.876009,-121.3639434
"north carolina,new hanover",1,34.2708161,-77.8938731
"texas,tom green",1,31.3782559,-100.4133839
"michigan,clinton",4,42.9435238,-84.6125345
"arizona,yuma",2,32.665135,-114.476031572498
"minnesota,st louis",20,47.6201005,-92.4363343
"texas,pecos",2,30.7857437,-102.8065415
"vermont,addison",9,44.088818,-73.302841
"ohio,hamilton",4,39.3995067,-84.5613428
"new mexico,dona ana",5,32.32817,-106.8494235
"ohio,butler",3,40.5886946,-82.4258375
"south carolina,berkeley",1,35.790928,-78.8630854799076
"arkansas,saline",3,34.6021249,-92.6542869
"ohio,ashtabula",1,41.7167229,-80.74947
"ohio,franklin",10,40.0283162,-83.0076657
"minnesota,olmsted",3,43.999812,-92.3765614
"oregon,wasco",1,45.5917107,-120.6981554
"georgia,newton",1,31.3129575,-84.3357424
"ohio,cuyahoga",7,41.48741,-81.684896
"iowa,linn",1,42.0631825,-91.6037932
"california,tulare",6,36.2516475,-118.852583
"ohio,carroll",1,39.7989528,-82.7010016
"arizona,santa cruz",7,31.5094579,-110.8476281
"maryland,wicomico",2,38.4134581,-76.8766366
"louisiana,east baton rouge",7,30.4459596,-91.18738
"oregon,hood river",1,45.7087902,-121.5123728
"idaho,canyon",1,43.6435692,-116.7017144
"ohio,madison",2,41.6604854,-84.5243913303595
"new mexico,rio arriba",1,36.5488273,-106.8155233
"kansas,douglas",3,38.8838392,-95.2874559
"arkansas,yell",1,34.9906072,-93.4283105
"arkansas,pope",2,35.453867,-93.0498623
"florida,bay",1,30.2481693,-85.6593633
"montana,flathead",2,48.3840879,-113.972144
"ohio,geauga",3,41.4768249,-81.1850459
"illinois,de kalb",1,42.0047639,-89.1098991179502
"texas,jeff davis",11,30.7018281,-104.1501698
"kentucky,garrard",2,37.1237006,-83.746308
"north carolina,alexander",1,35.836317,-79.038885
"indiana,lake",3,40.3270127,-86.1746933
"california,mono",4,37.9533927,-118.9398758
"tennessee,franklin",3,35.925206,-86.8689419
"vermont,orleans",1,44.8106805,-72.2010733
"north carolina,halifax",1,36.3261505,-77.591301662915
"tennessee,sevier",2,35.8047065,-83.5291901
"nevada,douglas",1,38.9072611,-119.6201824
"new jersey,morris",2,39.9873346,-75.0443388
"california,modoc",2,41.5450487,-120.7435998
"new mexico,otero",3,32.5059533,-105.8063662
"texas,hidalgo",17,26.3530256,-98.216445
"missouri,carter",1,36.9303011,-90.9598933
"texas,brazos",4,30.65231335,-96.3805801469641
"north carolina,graham",1,36.0690258,-79.4005756
"pennsylvania,snyder",1,39.9237275,-75.1695817
"michigan,kent",5,43.0024013,-85.5502718
"missouri,phelps",1,37.913292,-91.8168126
"new jersey,camden",4,39.9448402,-75.1198911
"new hampshire,sullivan",5,43.0131353,-72.2209182
"illinois,champaign",7,40.1164205,-88.2433829
"utah,sanpete",4,39.3606305,-111.5767825
"new jersey,somerset",4,40.5012385,-74.485477485179
"michigan,alger",1,46.4047895,-86.5280993
"pennsylvania,washington",1,40.17396,-80.2461714
"minnesota,cass",3,47.0234117,-94.3454604
"west virginia,fayette",1,38.0634441,-81.0734346
"maine,somerset",1,44.5552585,-70.5525482029382
"massachusetts,suffolk",2,42.3544455,-70.9788771
"arizona,pinal",1,32.8085851,-111.4426212
"florida,manatee",1,27.5213933,-82.3801566
"vermont,chittenden",10,43.70809,-72.948532
"michigan,grand traverse",3,44.6409162,-85.5801336
"wisconsin,st croix",1,44.862183,-92.6928153
"south dakota,pennington",4,43.9955746,-102.7854668
"new mexico,sandoval",4,35.5910806,-106.8472167
"virginia,stafford",2,38.4222681,-77.4084067
"new jersey,burlington",2,40.0192445,-74.81923825
"new hampshire,grafton",3,43.562979,-71.946716
"california,placer",1,39.1012064,-120.7650606
"new mexico,bernalillo",5,35.0349239,-106.6870693
"tennessee,hamilton",8,36.4987144,-82.2615242
"texas,el paso",4,31.7754152,-106.464634
"kansas,shawnee",1,39.0273676,-95.7627535
"california,ventura",7,34.4458248,-119.0779359
"michigan,houghton",1,46.8591287,-88.7774734
"new york,sullivan",2,43.0545116,-75.8468569
"georgia,walton",1,33.762884,-83.740416
"vermont,windsor",7,43.480826,-72.385483
"pennsylvania,bucks",5,40.3451668,-75.1263909
"colorado,douglas",2,39.3420437,-104.9468945
"new jersey,essex",2,39.3405867,-74.4942883
"california,mendocino",8,39.3176491,-123.4126399
"arkansas,pulaski",4,34.7550166,-92.3003472
"washington,clallam",4,47.9998383,-123.7373472
"colorado,el paso",7,38.8287435,-104.5253456
"new york,chemung",1,42.0084073,-76.623736
"vermont,bennington",11,42.8783183,-73.1971692
"south carolina,pickens",2,34.8834489,-82.7073573
"colorado,arapahoe",4,39.6416781,-104.3628567
"virginia,hanover",2,37.766531,-77.3702584
"tennessee,haywood",1,35.5675653,-89.287824
"texas,tarrant",8,32.7513658,-97.335696
"arkansas,carroll",1,36.3386737,-93.5093048
"california,glenn",2,39.5912766,-122.3778662
"alabama,tuscaloosa",3,33.2095614,-87.5675258
"oklahoma,woodward",2,36.4336481,-99.3903862
"mississippi,choctaw",1,33.5578928,-90.8131531
"new jersey,middlesex",4,40.5734911,-74.494037
"minnesota,anoka",1,45.2710195,-93.2827625
"minnesota,dakota",4,44.666655,-93.044911
"colorado,denver",5,39.7392364,-104.9848623
"virginia,prince william",2,39.6016319,-79.498617
"colorado,pueblo",1,38.2544472,-104.609141
"kansas,pottawatomie",1,39.3928203,-96.3414279
"missouri,st charles",2,38.7877791,-90.6747372
"wyoming,lincoln",1,42.1765551,-110.7208048
"indiana,tippecanoe",2,41.2089325,-86.114999
"mississippi,clay",2,34.2701035,-88.3372675
"mississippi,forrest",1,31.1540772,-89.2398601
"oregon,clackamas",3,45.1608821,-122.2305038
"new mexico,hidalgo",1,26.2711968,-98.3266103
"texas,johnson",4,32.3766071,-97.3568623
"virginia,prince edward",3,37.1744596,-78.2751472
"utah,wasatch",1,40.3348338,-111.1186992
"new york,washington",1,38.88900425,-77.040808185058
"arkansas,benton",4,36.3456186,-94.2670404
"texas,cameron",3,26.1291189,-97.4134281
"tennessee,washington",3,38.88983405,-77.0407796619863
"kansas,jefferson",1,39.2405893,-95.391413
"pennsylvania,beaver",4,40.6953896,-80.3047887
"minnesota,hubbard",1,47.1138266,-94.9427679
"missouri,nodaway",1,40.3483437,-94.8723663
"texas,henderson",1,32.182598,-95.7893178
"ohio,montgomery",2,39.2282432,-84.3539662
"alabama,jefferson",3,33.5228184,-86.9164513
"texas,ector",1,31.8941755,-102.5794339
"new mexico,santa fe",7,35.6869996,-105.9377997
"pennsylvania,chester",6,39.849557,-75.3557458
"arkansas,cleburne",1,35.5298937,-92.0312818
"colorado,routt",1,40.4514373,-106.9724072
"texas,presidio",9,29.9883766,-104.2336552
"texas,uvalde",9,29.300357,-99.7733181
"nebraska,douglas",5,41.2954112,-96.1415672
"maryland,talbot",1,38.7542065,-76.1919824
"north carolina,wilkes",1,36.1998247,-81.1341351
"virginia,botetourt",1,37.5520825,-79.8029569
"kentucky,hardin",1,36.7647773,-88.2953134
"maryland,allegany",2,39.6572451,-78.6550628
"indiana,vanderburgh",1,38.0461185,-87.5806553
"new jersey,hunterdon",3,40.5770634,-74.9261552
"missouri,platte",1,39.3770348,-94.7716306
"nebraska,scotts bluff",7,41.8555787,-103.7088303
"west virginia,clay",1,38.4603788,-81.0851086
"south carolina,york",1,34.9940463,-81.2424638
"pennsylvania,sullivan",1,41.4402556,-76.5117017
"vermont,orange",2,44.1483959,-72.4026007
"new mexico,eddy",7,32.4003136,-104.3452596
"massachusetts,bristol",2,41.7425538,-71.0856545
"washington,pierce",2,46.6343532,-119.4521747
"oregon,benton",1,42.474695,-121.383188
"wisconsin,fond du lac",3,43.7748763,-88.4458033
"georgia,gilmer",2,34.6859788,-84.452696
"pennsylvania,potter",1,40.2057009,-79.9341194
"pennsylvania,wayne",1,40.0440149,-75.3878616
"arkansas,izard",1,36.0832532,-91.8894787
"pennsylvania,indiana",2,40.6214551,-79.1525349
"wisconsin,vernon",1,43.5811229,-90.8231247
"colorado,mesa",5,39.0589084,-108.565996
"florida,monroe",5,25.0405135,-80.8337157
"alabama,lee",3,32.5814796,-85.3077038
"mississippi,jones",2,31.5728946,-90.4449444
"idaho,latah",3,46.8171611,-116.693441
"oregon,klamath",1,44.1630023,-120.8157924
"north carolina,moore",3,34.8334519,-81.9920461
"oregon,union",2,45.2095159,-117.8653691
"nevada,lander",1,39.9059878,-116.9843374
"texas,wichita",1,33.9516534,-98.7088886
"mississippi,lafayette",3,34.3646125,-89.5396349102097
"pennsylvania,franklin",1,41.397836,-79.831444
"missouri,franklin",1,38.4021095,-91.0841241
"minnesota,hennepin",8,45.0257232,-93.4865052
"ohio,lake",4,40.2253569,-82.6881395
"illinois,sangamon",6,39.7623668,-89.6454905
"missouri,lafayette",1,39.0603689,-93.8151868
"nebraska,dawes",1,42.71723,-103.1216528
"kansas,leavenworth",1,39.2147095,-95.0620347
"south dakota,brookings",1,44.3763598,-96.7925213
"oklahoma,mcclain",1,34.9756991,-97.481167
"texas,kerr",9,30.045717,-99.3884839
"pennsylvania,lancaster",5,40.03813,-76.3056686
"new jersey,hudson",1,40.861428,-74.922151
"texas,swisher",1,34.47235,-101.7119955
"california,yolo",10,38.7184542,-121.9059001
"missouri,randolph",1,39.4418988,-92.5009215
"minnesota,pipestone",1,44.0270012,-96.2566582
"ohio,lucas",5,40.7037641,-82.41847
"california,napa",3,38.2971367,-122.2855293
"illinois,boone",1,42.321246,-88.8235511
"vermont,washington",3,44.105619,-72.432601
"georgia,stephens",1,33.794843,-83.1615422
"utah,utah",10,40.0841662,-111.6259473
"kansas,riley",2,39.3026347,-96.7709339
"missouri,de kalb",1,39.5869398,-94.9252426
"alabama,washington",1,31.3991238,-88.2019828
"indiana,jasper",1,38.3914228,-86.9308719
"montana,mineral",2,47.1330265,-114.9202341
"utah,cache",2,41.7042978,-111.7451159
"virginia,chesterfield",3,36.8437589,-76.2599395
"utah,emery",3,38.9844774,-110.8038549
"texas,navarro",1,32.0279525,-96.4985456
"pennsylvania,bedford",1,40.0186921,-78.5039069
"massachusetts,hampden",3,42.0640239,-72.4186602
"iowa,osceola",1,43.3684613,-95.6299944
"indiana,boone",1,39.5084809,-86.7957444
"illinois,henry",1,41.3418549,-90.1177442
"california,san benito",5,36.6248089,-121.1177379
"oregon,lane",6,43.9792797,-120.737257
"washington,snohomish",1,47.9180275,-122.0899646
"illinois,franklin",1,37.9765409,-88.9335327
"north carolina,madison",6,36.385422,-79.9594689
"california,mariposa",6,37.570148,-119.9036592
"ohio,athens",3,39.3289242,-82.1012479
"idaho,teton",1,43.7647107,-111.2081469
"pennsylvania,adams",1,40.3595226,-77.8616634
"maryland,garrett",1,39.544087,-79.2496976
"virginia,loudoun",2,39.0984586,-77.6705008
"pennsylvania,luzerne",2,41.2857599,-75.9008924
"illinois,mchenry",2,42.3294391,-88.4605713
"georgia,fayette",2,33.3899269,-84.4953763
"ohio,wood",1,41.2776661,-83.6643025
"kentucky,pulaski",1,37.2089669,-84.6388326
"tennessee,putnam",1,36.1379872,-85.4553784
"north carolina,henderson",1,36.3295905,-78.3991638
"montana,lewis and clark",2,47.2117026,-112.4768049
"montana,carbon",1,45.2050058,-109.1434792
"mississippi,montgomery",3,31.6418345,-90.4195383
"connecticut,fairfield",8,41.1412078,-73.2637258
"oklahoma,sequoyah",1,36.3798606,-95.5967275660342
"minnesota,rice",1,44.3413376,-93.2865484
"virginia,smyth",1,36.8440149,-81.5418453
"texas,walker",5,30.6795741,-95.5522823
"maine,knox",2,44.51420395,-69.2133109087779
"new york,tompkins",5,42.443114,-76.4725920912081
"kentucky,union",1,38.9458951,-84.680501
"north carolina,carteret",2,35.8435913,-79.0401997
"indiana,madison",1,38.7358933,-85.3799577
"michigan,wayne",3,42.2682408,-83.2844172
"pennsylvania,westmoreland",4,40.2930159,-79.4873204
"new york,schuyler",1,42.8245448,-73.9035922463237
"ohio,stark",3,40.7214654,-81.4399734
"new hampshire,cheshire",5,42.9525022,-72.2834412
"washington,island",3,48.1490612,-117.7552413
"kentucky,jefferson",7,34.19217,-91.992852
"texas,nueces",1,27.7153774,-97.6199942
"wisconsin,portage",2,43.539494,-89.461334
"tennessee,unicoi",2,36.1953862,-82.3495818
"ohio,clark",1,40.4489547,-81.9023614
"new york,warren",1,42.8472949,-74.9209865
"south dakota,hughes",2,44.4047339,-99.946102
"north dakota,bottineau",2,48.8243455,-100.8431321
"north carolina,catawba",1,35.7073558,-81.0756345
"texas,mclennan",2,31.5487691,-97.2189254
"colorado,la plata",2,37.2889732,-107.8539029
"new york,monroe",2,43.150094,-77.6810141
"idaho,elmore",1,43.3073766,-115.5411027
"washington,spokane",4,47.6571934,-117.4235106
"virginia,montgomery",2,38.1803833,-81.3284452
"pennsylvania,fayette",1,39.8222992,-79.918944
"ohio,trumbull",1,41.6781106,-80.9539818
"pennsylvania,schuylkill",1,39.942335,-75.1871235
"texas,la salle",1,28.3391148,-99.0982257
"kentucky,green",1,38.1406397,-83.0751714
"oklahoma,creek",1,35.9525414,-97.5947685
"new mexico,grant",3,32.7548776,-108.3634144
"west virginia,monongalia",1,39.6391074,-80.0300399
"georgia,floyd",1,33.8470493,-84.5854887
"oklahoma,pushmataha",1,34.4098497,-95.4033122
"idaho,bear lake",3,42.2172123,-111.3198808
"colorado,pitkin",1,39.2037774,-106.8695332
"virginia,lunenburg",1,36.9609839,-78.2655525
"washington,mason",2,37.7945162,-122.4114275
"california,san luis obispo",3,35.3540209,-120.3757163
"michigan,isabella",1,43.6306545,-84.8468516
"idaho,adams",1,44.8677448,-116.4572399
"texas,hays",7,30.0447901,-98.0393127
"arizona,navajo",1,35.1819775,-110.3549451
"texas,llano",2,30.6663312,-98.6970374
"south dakota,lincoln",2,43.2724187,-96.7387762
"maryland,howard",5,39.31842095,-76.6156494489726
"michigan,ingham",3,42.5860505,-84.3800841
"michigan,gogebic",1,46.403433,-89.6626791
"georgia,henry",1,33.4519942,-84.1367771
"north carolina,orange",8,33.6157083,-81.1020414
"colorado,jefferson",5,39.5699803,-105.2561919
"michigan,livingston",1,42.5924563,-83.9147925
"wisconsin,monroe",1,42.6136586,-89.5852052208876
"new mexico,socorro",5,34.0572858,-106.8930799
"vermont,grand isle",2,44.7225436,-73.2923538
"north carolina,chatham",5,36.41649465,-80.968018802738
"georgia,coweta",1,33.3500656,-84.7545734
"kentucky,warren",2,36.7534188,-83.8440895
"indiana,de kalb",1,41.5280047,-85.814309
"indiana,allen",5,41.11542505,-85.1242023857866
"minnesota,fillmore",2,43.6466588,-92.0636359
"pennsylvania,northampton",4,40.20943295,-75.0020315130097
"idaho,cassia",1,42.2219306,-113.5777087
"connecticut,windham",2,41.6993535,-72.1578243
"wisconsin,burnett",1,45.8652437,-92.2673161
"minnesota,scott",6,44.6506998,-93.5025726
"pennsylvania,jefferson",2,39.817332,-76.8417166
"ohio,muskingum",2,39.526031,-81.5055575
"colorado,eagle",3,39.6161124,-106.7172844
"vermont,lamoille",1,44.6090486,-72.6714363
"west virginia,kanawha",3,38.3418349,-81.6126382461538
"west virginia,wyoming",1,37.5823343,-81.6017745
"west virginia,boone",1,36.8423707,-76.4335573
"idaho,twin falls",1,42.5704456,-114.4602554
"pennsylvania,clarion",1,41.2148975,-79.3857047
"michigan,sanilac",2,43.4150687,-82.8234745
"missouri,linn",1,39.8652349,-93.1104004
"iowa,madison",1,41.3133406,-94.0167968
"georgia,paulding",1,33.8908526,-84.8569161
"georgia,chatham",1,31.9668887,-81.0626008
"new york,albany",1,42.6511674,-73.754968
"north carolina,caldwell",1,35.4537485,-80.8428508
"colorado,larimer",6,40.6810174,-105.4726907
"alabama,madison",4,34.7736807,-86.5675095
"oklahoma,carter",2,35.2189409,-99.5056465
"nevada,lincoln",1,37.5449476,-114.8764448
"oregon,jefferson",2,44.7224335,-123.0073897
"texas,edwards",6,29.9116617,-100.3457636
"california,sierra",3,39.5849065,-120.5305731
"pennsylvania,northumberland",1,40.8951025,-76.8053934
"utah,uintah",1,40.1943199,-109.5770955
"indiana,franklin",1,39.4806056,-86.0549863
"texas,wood",1,32.7577475,-95.3812941
"california,calaveras",5,38.2558181,-120.4981492
"north carolina,franklin",2,35.1823171,-83.3815429
"washington,wahkiakum",1,46.2794223,-123.3452562
"idaho,custer",1,44.2339362,-114.2286662
"louisiana,cameron",1,29.7977212,-93.3251536
"south carolina,lexington",2,35.8240265,-80.2533838
"new york,wyoming",1,42.7039813,-78.2415228
"iowa,pottawattamie",1,41.3115686,-95.5331269
"colorado,lake",1,39.2056525,-106.342801
"rhode island,providence",1,41.8239891,-71.4128343
"minnesota,blue earth",2,44.0109722,-94.0560643
"south dakota,fall river",2,43.2264954,-103.5791473
"georgia,cherokee",2,32.8581945,-83.7696277
"maine,aroostook",1,46.8200431,-67.9230792
"new mexico,cibola",1,34.8722771,-107.9398474
"oklahoma,mayes",1,35.431869,-96.654465
"colorado,weld",1,40.5632344,-104.4835287
"florida,broward",3,26.1598074,-80.4623642
"minnesota,wabasha",1,44.2767596,-92.2018164
"california,alpine",1,38.5893934,-119.8345013
"illinois,williamson",2,37.7376325,-88.9294452013404
"illinois,jackson",3,37.7668943,-89.3563845
"utah,san juan",1,37.5859438,-109.7852018
"nebraska,pierce",1,42.2591262,-97.6036812
"utah,weber",2,41.2728039,-111.8860648
"texas,houston",1,29.7589382,-95.3676974
"washington,chelan",2,47.8409698,-120.0164591
"vermont,essex",1,44.5230418,-73.0622703227799
"idaho,boise",1,43.6166163,-116.200886
"wisconsin,columbia",1,44.5163511,-90.7198643
"ohio,portage",4,41.3267189,-83.6507668
"massachusetts,franklin",2,42.0834313,-71.396725
"south dakota,custer",2,43.6726477,-103.5101597
"south dakota,davison",1,43.6660467,-98.1383168
"ohio,seneca",1,39.9629392,-82.990653188498
"texas,colorado",3,29.6099609,-96.5478826
"indiana,la porte",1,41.6105983,-86.7225227
"texas,randall",2,34.9444713,-101.8850309
"maine,kennebec",3,44.6684111,-67.46388
"arkansas,lonoke",2,34.7414404,-91.862792
"pennsylvania,erie",1,42.1294712,-80.0852695
"california,madera",2,36.9418115,-120.171438178571
"texas,grayson",1,33.5636114,-96.6702111
"texas,blanco",4,30.2419274,-98.4004594
"alabama,houston",2,31.1355603,-85.2654592
"idaho,kootenai",1,47.654857,-116.7162916
"colorado,conejos",2,37.1851939,-106.1655431
"texas,fayette",1,29.8381635,-96.9559692
"washington,okanogan",1,48.5158513,-119.6527477
"pennsylvania,mifflin",1,40.5695217,-77.4027674
"texas,guadalupe",3,29.6480061,-97.8279576
"tennessee,williamson",2,35.8772991,-86.8978708
"virginia,greene",1,38.2954503,-78.4704823
"oregon,clatsop",2,42.47662,-121.39366
"california,sacramento",3,38.5810606,-121.4938951
"nevada,nye",2,38.3544843,-116.4069616
"ohio,greene",1,41.462,-80.7464707
"colorado,broomfield",1,39.9203827,-105.0691464
"north carolina,watauga",2,36.2228105,-81.6863808
"oregon,baker",1,44.7259637,-117.6204818
"new mexico,mora",1,35.972232,-104.9132218
"south carolina,charleston",6,32.7876012,-79.9402728
"louisiana,union",1,30.0871441,-90.9048191
"pennsylvania,clearfield",1,41.0272796,-78.4391876
"ohio,knox",1,40.4575613,-82.5293316
"washington,pacific",2,47.2640129,-122.2485492
"new york,broome",2,42.1455623,-75.8404114
"florida,duval",2,30.3540073,-81.6632109
"rhode island,washington",2,41.6884336,-71.5667291
"west virginia,brooke",3,38.387179,-77.3817811
"west virginia,berkeley",1,39.5031537,-77.9272196
"north carolina,columbus",1,35.2531698,-82.1970584
"west virginia,ohio",5,40.0642004,-80.72177295
"texas,galveston",2,29.3872254,-94.992736
"pennsylvania,york",2,39.962398,-76.727392
"colorado,delta",1,38.8368777,-107.8568294
"wyoming,crook",2,44.5746536,-104.5816096
"illinois,kankakee",1,41.1253903,-87.848682
"california,solano",3,38.2218938,-121.9163555
"pennsylvania,dauphin",1,40.3678069,-76.9333394
"washington,kitsap",2,47.594502,-122.6474421
"michigan,jackson",1,42.2416466,-84.425589
"tennessee,shelby",3,31.9565572,-94.3182551
"minnesota,aitkin",1,46.5714822,-93.3847595
"nebraska,knox",1,42.6206698,-97.8901445
"oregon,polk",1,44.879673,-123.4599594
"pennsylvania,armstrong",3,41.0942279,-80.0517246
"pennsylvania,huntingdon",1,40.4847959,-78.0102813
"nebraska,adams",1,40.5125798,-98.5148588
"kentucky,kenton",1,38.8683985,-84.4560507
"illinois,macoupin",1,39.2420653,-89.925212
"nebraska,sioux",1,42.5055628,-103.7745337
"iowa,jefferson",1,41.0131342,-91.9718642
"ohio,gallia",1,38.8309103,-82.5176592
"california,lassen",2,40.7685579,-120.730998
"new york,madison",1,42.8978935,-75.5121672305632
"north carolina,transylvania",1,35.1982216,-82.7724889
"georgia,muscogee",1,32.4515322,-84.9515977
"colorado,gilpin",1,39.8586654,-105.5025219
"alabama,tallapoosa",1,32.8595687,-85.8023774
"indiana,greene",1,40.4083777,-85.0999694
"colorado,boulder",4,40.0149856,-105.2705456
"ohio,coshocton",1,40.2720151,-81.8595757
"new hampshire,coos",3,44.698627,-71.3768039
"north carolina,swain",1,35.8361447,-79.0555251
"arkansas,faulkner",1,35.1470851,-92.3219053
"michigan,genesee",2,43.0220032,-83.7274305
"south carolina,beaufort",2,32.4315813,-80.6698286
"kansas,sedgwick",4,37.6448148,-97.4641388
"oklahoma,jackson",1,34.3724725,-96.1258376
"new hampshire,merrimack",1,42.8650864,-71.4934004
"pennsylvania,berks",2,39.9785347,-75.1335538
"florida,brevard",8,28.2100203,-80.7997185
"minnesota,otter tail",1,46.4184196,-95.713142
"pennsylvania,juniata",2,40.0084455,-75.1087862
"california,orange",5,33.7500378,-117.8704931
"colorado,san juan",1,37.7633081,-107.6495508
"tennessee,carter",2,36.412891,-82.0804034
"virginia,page",1,38.0528865,-81.2698303
"texas,terrell",2,30.1990738,-102.0974881
"massachusetts,plymouth",2,41.9583799,-70.6673851
"minnesota,kanabec",1,45.8986948,-93.2850016
"texas,gregg",2,32.4492408,-94.8532848
"kentucky,fayette",1,36.658382,-87.6583488
"new york,orange",3,41.3873306,-74.2507287
"alabama,de kalb",3,34.4889759,-85.8402491
"alabama,barbour",4,31.8589311,-85.4032078
"alabama,bullock",1,32.09929,-85.7091657
"north carolina,pasquotank",1,36.2673789,-76.3385487
"montana,dawson",1,47.2416708,-104.9259088
"texas,anderson",1,31.7819242,-95.6258199
"georgia,union",1,33.4151169,-83.982966
"alabama,cherokee",2,34.1142554,-85.6004514
"georgia,barrow",1,33.9848611,-83.6996482
"indiana,monroe",3,40.7450468,-84.9369111
"idaho,bonneville",1,43.3993844,-111.4752257
"utah,grand",1,38.9634637,-109.6619899
"mississippi,lamar",1,34.9173149,-89.3178505
"mississippi,perry",1,30.7207466,-89.1414364
"mississippi,jasper",2,32.0216075,-89.1132111
"indiana,fountain",2,40.2222596,-87.3352894
"tennessee,knox",1,35.9516352,-83.930881879626
"virginia,henrico",3,37.4957023,-77.335257
"nebraska,cass",2,40.9017313,-96.1922102
"missouri,st clair",1,38.0592942,-93.7945456
"west virginia,pocahontas",1,37.3037982,-81.3394611
"indiana,knox",1,41.2958751,-86.6250139
"new jersey,monmouth",3,40.2932319,-74.1671114
"ohio,darke",1,40.168765,-84.631372
"florida,wakulla",2,30.1480038,-84.3543512
"north carolina,warren",1,36.195746,-81.374976
"tennessee,davidson",4,36.5681234,-85.0224493
"maryland,charles",3,38.371881,-75.589176
"oregon,josephine",1,42.3554368,-123.5602707
"oregon,tillamook",2,45.455921,-123.844429
"louisiana,calcasieu",1,31.0896313,-92.7115348
"iowa,black hawk",1,42.4607526,-92.3030235
"louisiana,tangipahoa",1,30.8760151,-90.5120391
"michigan,calhoun",1,42.2461339,-85.0229223
"vermont,caledonia",1,44.46383305,-72.1083608591196
"georgia,troup",1,33.0237625,-85.0254022
"texas,cooke",1,33.582486,-97.2055298
"alabama,hale",1,32.7412417,-87.6561668
"texas,midland",2,31.83688,-102.0103767
"iowa,jackson",1,42.1420382,-90.5480067
"missouri,st francois",1,37.7763775,-90.5089041
"utah,summit",1,40.8320852,-111.1233396
"nebraska,cherry",1,42.5560174,-101.1503042
"minnesota,pine",1,46.0820957,-92.7542126
"west virginia,summers",1,39.1575853,-80.828716
"utah,tooele",1,40.4062872,-113.1966394
"idaho,power",2,42.6769078,-112.8869775
"texas,rusk",1,32.051377,-94.7906553
"arkansas,conway",2,35.2521996,-92.6888936
"virginia,nelson",2,38.0689928,-81.6226167
"wisconsin,juneau",2,43.4055504,-88.7051037
"tennessee,weakley",1,35.2645241,-87.1886241
"new mexico,lincoln",3,33.7525727,-105.4158806
"montana,lake",2,47.7142864,-114.1204325
"georgia,jenkins",1,32.7793141,-81.9613566
"california,plumas",2,39.9430988,-120.8059521
"maine,oxford",1,44.131957,-70.493774
"virginia,powhatan",1,37.5420237,-77.9190619
"minnesota,crow wing",1,46.4665237,-94.1017044
"south carolina,greenville",2,34.851354,-82.3984882
"iowa,sioux",1,43.0574079,-96.1602368
"maine,waldo",1,44.5125736,-69.0761484
"north carolina,cumberland",1,34.9870157,-78.8795081
"georgia,warren",1,34.3862011,-85.0480021
"new hampshire,hillsborough",1,43.1470788,-71.9457434821838
"arkansas,perry",1,34.9616474,-92.8757514
"ohio,richland",1,39.2866342,-84.2725556670861
"georgia,schley",1,32.2478949,-84.3175516
"oklahoma,delaware",2,36.7786985,-95.6394227
"north carolina,clay",1,36.2426458,-78.5877789
"indiana,jefferson",1,40.2794807,-86.5900034
"michigan,monroe",2,41.9153358,-83.5135665
"wisconsin,sheboygan",1,43.7508284,-87.71453
"arizona,mohave",5,35.7218038,-113.8271174
"illinois,lee",1,41.7459056,-89.2888533
"idaho,oneida",1,42.1628627,-112.5703083
"pennsylvania,lehigh",1,41.7154814,-75.5518083346047
"north carolina,rutherford",1,34.87386515,-82.3970941087894
"michigan,charlevoix",1,45.202075,-84.9676387
"tennessee,cannon",2,35.8044159,-86.0512075
"oregon,lake",6,43.9792797,-120.737257
"kentucky,edmonson",4,37.1999181,-86.2206738
"virginia,spotsylvania",2,38.200965,-77.589154
"tennessee,van buren",2,35.1314754,-89.0753417
"florida,gadsden",1,30.5937346,-84.6389937
"arkansas,craighead",1,35.8348413,-90.6441144
"missouri,clay",1,39.3187409,-94.4046405
"north carolina,union",1,34.7151939,-81.6237462
"colorado,grand",1,40.0990074,-106.1366966
"montana,sanders",1,47.6801812,-115.1769538
"delaware,kent",1,39.2475954,-75.301059970514
"new mexico,san miguel",1,35.470043,-104.7946178
"michigan,st joseph",1,41.9031963,-85.5356726
"wisconsin,walworth",1,42.6711513,-88.5467715
"michigan,midland",1,43.634525,-84.3840821
"west virginia,greenbrier",10,37.78575775,-80.3080498566179
"west virginia,monroe",1,40.0642004,-80.72177295
"north carolina,richmond",1,33.0754486,-79.8786918
"georgia,bartow",1,32.8787666,-82.4737399
"indiana,gibson",1,41.6053135,-87.4614297
"maine,hancock",1,44.529311,-68.253937
"ohio,mahoning",1,41.2589449,-81.0487057
"virginia,york",1,38.905913,-82.1254221
"indiana,marion",2,40.5583739,-85.6591442
"ohio,champaign",1,40.1726987,-83.7701999
"california,merced",1,37.1641544,-120.7678602
"mississippi,lauderdale",1,32.5206941,-88.5117048
"ohio,fulton",1,40.4625607,-82.8287896
"new york,livingston",2,42.7360902,-77.7781416
"north dakota,burleigh",2,46.9498874,-100.5127667
"north carolina,gates",1,36.5034867,-76.7691236
"alabama,jackson",8,34.7692447,-85.9867941
"michigan,ottawa",1,42.9547143,-85.9827867
"kentucky,harlan",1,36.8431441,-83.321848
"florida,st johns",1,29.9032284,-81.4145468
"virginia,amelia",1,38.2892702,-81.2959465
"kentucky,breckinridge",1,38.4414625,-84.378549
"wyoming,carbon",1,41.7423474,-106.8625645
"new jersey,salem",1,39.5717796,-75.4671423
"virginia,amherst",1,37.5851412,-79.0514134
"virginia,floyd",1,36.9112443,-80.3200502
"minnesota,stearns",1,45.535326,-94.6139422
"north carolina,iredell",3,33.9332275,-78.5911234
"arkansas,crawford",2,35.5803044,-94.2684622
"new jersey,sussex",1,41.2098177,-74.6076614
"new jersey,warren",1,40.8602222,-74.9720493
"georgia,lowndes",1,30.8849234,-83.2718189
"virginia,russell",1,36.685706,-76.5877289
"new jersey,passaic",1,40.8567663,-74.1284764
"alabama,morgan",1,34.4296848,-86.8529584
"tennessee,robertson",1,35.2656375,-88.7186641
"minnesota,carlton",1,46.5799933,-92.7206334
"maine,sagadahoc",1,43.9900158,-69.8654643
"oklahoma,adair",1,36.4367575,-95.2713584
"idaho,ada",1,43.4136539,-116.2367421
"texas,webb",1,27.6983621,-99.2523577
"north carolina,guilford",1,36.0768027,-79.8980907
"georgia,clarke",4,33.9597677,-83.376398
"georgia,madison",1,33.5956814,-83.467944
"west virginia,grant",1,36.6623426,-81.403995
"oklahoma,craig",1,34.8403759,-95.6274837
"colorado,adams",2,39.8714085,-104.2701374
"tennessee,marion",3,36.5403579,-83.927144
"georgia,pickens",1,34.4630619,-84.4682402
"indiana,washington",1,38.6592152,-87.172789
"minnesota,mcleod",1,44.8169135,-94.2495251
"tennessee,giles",1,35.2178285,-87.0296239
"oklahoma,payne",1,34.9061837,-97.5300307
"wisconsin,chippewa",1,45.0740585,-91.2947258
"california,amador",1,38.449089,-120.5911018
"colorado,huerfano",1,37.7013983,-105.0218531
"california,butte",1,39.6519275,-121.5858444
"nebraska,dodge",1,41.58577,-96.6789773
"north carolina,davidson",1,35.4992614,-80.8485218
"north carolina,jackson",2,36.3896747,-77.4214855
"texas,ellis",1,32.3347829,-96.7920233
"kentucky,barren",1,36.9584649,-85.925817
"indiana,jennings",1,38.9957749,-85.6359201
"new mexico,sierra",1,33.1165937,-107.2569421
"north carolina,bladen",2,34.3432096,-80.0806226
"texas,milam",1,30.7626867,-96.9981706
"kentucky,bullitt",2,37.9749498,-85.6742394
"south carolina,kershaw",2,34.5517286,-80.5832479
"north carolina,stanly",1,35.3235477,-80.2391366
"oregon,columbia",2,45.52966955,-122.824887403226
"minnesota,martin",1,43.6564337,-94.5498419
"utah,juab",1,39.6949628,-112.8342117
"florida,hernando",5,28.5710156,-82.4605068
"illinois,mclean",1,40.4631789,-88.8196613
"illinois,tazewell",1,40.5126429,-89.5442084
"south carolina,newberry",1,34.2753247,-81.6188633
"south carolina,darlington",1,34.2998762,-79.8761741
"texas,val verde",1,29.9153286,-101.1284631
"washington,klickitat",1,45.8151021,-121.1542694
"illinois,madison",1,38.811063,-89.9017112
"mississippi,carroll",6,33.4230182,-89.9110025
"arkansas,marion",1,36.2378521,-92.6999559
"ohio,highland",1,39.3445075,-83.5974203
"louisiana,livingston",1,30.5021345,-90.7478737
"kentucky,hart",1,37.2921203,-85.8845579
"alabama,st clair",1,33.7086407,-86.3364
"north carolina,mcdowell",1,35.799475,-79.088421
"kentucky,menifee",1,37.9357602,-83.6014187
"texas,erath",1,32.1954856,-98.2213499
"mississippi,grenada",5,33.7690049,-89.8084192
"texas,jackson",1,28.9224028,-96.55561
"texas,live oak",1,28.2678746,-98.101923
"pennsylvania,venango",1,41.7725563,-80.1131125
"alabama,winston",2,34.1328863,-87.361354
"alabama,choctaw",1,31.9908095,-88.2821326
"indiana,hendricks",1,39.6081023,-86.1483203
"missouri,adair",1,40.1769782,-92.6161167
"florida,sumter",3,28.6689748,-82.076402
"missouri,crawford",1,37.9920098,-91.3156445
"tennessee,anderson",1,36.5403808,-82.3212503
"tennessee,pickett",1,36.5559316,-84.7962610912826
"florida,pasco",2,28.2996183,-82.4522702
"kentucky,trigg",1,36.7949221,-87.8782433
"texas,mcculloch",1,31.1699604,-99.3885277
"alabama,shelby",1,33.2503347,-86.6639746
"kentucky,trimble",2,37.0120194,-84.7357763
"ohio,lawrence",2,38.645079,-82.6734967
"virginia,halifax",1,36.7659709,-78.9283441
"north carolina,currituck",1,36.4498773,-76.0154824
"new york,orleans",1,42.9186757,-77.1144182
"texas,harrison",1,32.5233959,-94.3982158
"alabama,limestone",7,34.8342463,-86.9901321
"arkansas,newton",1,35.918468,-93.2273047
"north carolina,mecklenburg",1,35.20295565,-80.8252392814545
"virginia,highland",1,39.3036894,-81.0517771
"florida,pinellas",1,27.8778904,-82.7329309
"virginia,warren",2,37.7659764,-78.557789
"louisiana,madison",1,30.842691,-90.141438
"texas,medina",2,29.2836281,-99.1126826
"kentucky,cumberland",1,36.9781475,-82.9884955
"florida,osceola",1,28.0443842,-81.1437541
"nevada,white pine",1,39.5298185,-114.8899563
"mississippi,pike",1,35.88248,-90.1673547
"alabama,walker",1,33.7804491,-87.2767248
"wisconsin,jefferson",1,43.0055594,-88.8073273
"virginia,virginia beach",1,36.8529841,-75.9774183
"tennessee,rutherford",1,36.1275674,-88.9858988
"texas,chambers",1,29.7191125,-94.5412295
"mississippi,greene",2,31.2049136,-88.6429687
"mississippi,george",1,32.8501303,-90.7017634
"ohio,holmes",1,40.5840117,-81.9304045
"mississippi,oktibbeha",1,33.4131096,-88.8937318
"mississippi,tishomingo",1,34.6367608,-88.2317103
